ts	phase	decision	why	evidence	result
2026-09-06T13:37:40.3092324Z	frame	Isolated current staging and stopped scope at staging qualification	Preserve unrelated working edits and owner-controlled production promotion	.audit/829-checklist.md; a7f0e7919436619b58d9af5a9bb9e41c30479f4e	open
2026-09-06T13:52:45.1922360Z	preflight	Pinned immutable install and unchanged schema drift passed	Baseline must be reproducible before editing schema	package.json; migrations; .audit/production-census.json	VERIFIED
2026-09-06T13:52:45.1979534Z	design	Adopted candidate A with four judge grafts	Readable persisted periods preserve existing experience starts and share atomic claim enforcement	.audit/829-design.md; .audit/829-design-review.md	implementation pending

2026-09-06T16:04:41.553Z	implementation	Recorded completed canonical cleanup and final schema	One source of truth; no compatibility fields or obsolete conversion executables	.audit/829-columns.tsv; .audit/829-target-columns.tsv; .audit/829-indexes.tsv	94 target tables; 1331 target columns; 49 removals; 7 additions
2026-09-06T16:04:41.553Z	audit_correction	Separated inventory evidence from SQL compilation proof	Zero inventory followups missed scheduled billing SQL; broadened scan and corrected task/QA/experience readers	.audit/829-sql-consumer-review.md; .audit/829-final-review.md	Static queries prepared; dynamic limits recorded
2026-09-06T16:04:41.553Z	transfer	Recorded independently verified production-source candidate	Preserve exact typed facts while explicitly accounting for every projected/discarded relationship	.audit/829-transfer-summary.json	94 tables; 42244 rows; nine invariant counts zero; 30 relationship deletions; assets and blocks exact
2026-09-06T16:04:41.553Z	verification	Recorded root-reported local quality gates	Keep attributed checks distinct from independent audit work	.audit/829-findings.md	Build; 15 D1; 8 transfer/migration; 187 unit tests reported passed
2026-09-06T16:04:41.553Z	release_scope	Kept browser/provider/remote staging gates open	The user authorized staging only and retained production control	.audit/829-checklist.md; docs/database/epoch-5-cutover.md	No staging-ready or production-promotion claim
2026-09-06T16:09:52.424Z	cleared_concern	Retained all NCLS fixture relationships after exact owner inspection	Similar synthetic-looking names did not establish missing ownership	.audit/829-ncls-fixture-verification.json	30 real CTA owners; zero qualifying deletions; all9 invariants and FK checks pass
